member_casual,duration,distance
casual,18.030504579379958,1.9019172778928954
member,11.02274378862119,1.9524622229154733
